"company","year","reporting_window","months","EV_deployment_GWh","observed_GWh_per_month","source_url"
"CATL","2020","Full-year 2020","12","36.2","3.0167","https://www.catl.com/it/uploads/1/file/public/202209/20220916214141_gr6eyva66j.pdf"
"CATL","2021","Full-year 2021","12","99.5","8.2917","https://sneresearch.com/en/insight/release_view/68/page/300"
"CATL","2022","Full-year 2022","12","184.4","15.3667","https://www.sneresearch.com/en/insight/release_view/221/page/0"
"CATL","2023","Full-year 2023","12","257.7","21.4750","https://sneresearch.com/en/insight/release_view/371/page/156"
"CATL","2024","Full-year 2024","12","342.5","28.5417","https://sneresearch.com/en/insight/release_view/586/page/72"
"CATL","2025","Full-year 2025","12","464.7","38.7250","https://sneresearch.com/en/insight/release_view/586/page/72"
"CATL","2026","Jan–Aug 2026 only","8","333","41.6250","https://www.sneresearch.com/en/insight/release_view/744/page/view"
"BYD","2020","Full-year 2020","12","","",""
"BYD","2021","Full-year 2021","12","26.4","2.2000","https://sneresearch.com/en/insight/release_view/68/page/300"
"BYD","2022","Full-year 2022","12","70.5","5.8750","https://www.sneresearch.com/en/insight/release_view/221/page/0"
"BYD","2023","Full-year 2023","12","111.8","9.3167","https://sneresearch.com/en/insight/release_view/371/page/156"
"BYD","2024","Full-year 2024","12","152.6","12.7167","https://sneresearch.com/en/insight/release_view/586/page/72"
"BYD","2025","Full-year 2025","12","194.8","16.2333","https://sneresearch.com/en/insight/release_view/586/page/72"
"BYD","2026","Jan–Aug 2026 only","8","127.9","15.9875","https://www.sneresearch.com/en/insight/release_view/744/page/view"
"LG Energy Solution","2020","Full-year 2020","12","","",""
"LG Energy Solution","2021","Full-year 2021","12","59.4","4.9500","https://sneresearch.com/en/insight/release_view/68/page/300"
"LG Energy Solution","2022","Full-year 2022","12","71.6","5.9667","https://www.sneresearch.com/en/insight/release_view/221/page/0"
"LG Energy Solution","2023","Full-year 2023","12","95.1","7.9250","https://sneresearch.com/en/insight/release_view/371/page/156"
"LG Energy Solution","2024","Full-year 2024","12","97.8","8.1500","https://sneresearch.com/en/insight/release_view/586/page/72"
"LG Energy Solution","2025","Full-year 2025","12","108.8","9.0667","https://sneresearch.com/en/insight/release_view/586/page/72"
"LG Energy Solution","2026","Jan–Aug 2026 only","8","68.3","8.5375","https://www.sneresearch.com/en/insight/release_view/744/page/view"
"Panasonic","2020","Full-year 2020","12","","",""
"Panasonic","2021","Full-year 2021","12","36.3","3.0250","https://sneresearch.com/en/insight/release_view/68/page/300"
"Panasonic","2022","Full-year 2022","12","35.6","2.9667","https://www.sneresearch.com/en/insight/release_view/221/page/0"
"Panasonic","2023","Full-year 2023","12","42.8","3.5667","https://sneresearch.com/en/insight/release_view/371/page/156"
"Panasonic","2024","Full-year 2024","12","34.6","2.8833","https://sneresearch.com/en/insight/release_view/586/page/72"
"Panasonic","2025","Full-year 2025","12","44.2","3.6833","https://sneresearch.com/en/insight/release_view/586/page/72"
"Panasonic","2026","Jan–Aug 2026 only","8","29.7","3.7125","https://www.sneresearch.com/en/insight/release_view/744/page/view"
"SK On / predecessor battery business","2020","Full-year 2020","12","","",""
"SK On / predecessor battery business","2021","Full-year 2021","12","17.3","1.4417","https://sneresearch.com/en/insight/release_view/68/page/300"
"SK On / predecessor battery business","2022","Full-year 2022","12","30.1","2.5083","https://www.sneresearch.com/en/insight/release_view/221/page/0"
"SK On / predecessor battery business","2023","Full-year 2023","12","34.7","2.8917","https://sneresearch.com/en/insight/release_view/371/page/156"
"SK On / predecessor battery business","2024","Full-year 2024","12","39.7","3.3083","https://sneresearch.com/en/insight/release_view/586/page/72"
"SK On / predecessor battery business","2025","Full-year 2025","12","44.5","3.7083","https://sneresearch.com/en/insight/release_view/586/page/72"
"SK On / predecessor battery business","2026","Jan–Aug 2026 only","8","24.9","3.1125","https://www.sneresearch.com/en/insight/release_view/744/page/view"
"Samsung SDI","2020","Full-year 2020","12","","",""
"Samsung SDI","2021","Full-year 2021","12","14.5","1.2083","https://sneresearch.com/en/insight/release_view/68/page/300"
"Samsung SDI","2022","Full-year 2022","12","23.9","1.9917","https://www.sneresearch.com/en/insight/release_view/221/page/0"
"Samsung SDI","2023","Full-year 2023","12","33.1","2.7583","https://sneresearch.com/en/insight/release_view/371/page/156"
"Samsung SDI","2024","Full-year 2024","12","31.1","2.5917","https://sneresearch.com/en/insight/release_view/586/page/72"
"Samsung SDI","2025","Full-year 2025","12","28.9","2.4083","https://sneresearch.com/en/insight/release_view/586/page/72"
"Samsung SDI","2026","Jan–Aug 2026 only","8","","",""
"CALB","2020","Full-year 2020","12","","",""
"CALB","2021","Full-year 2021","12","8","0.6667","https://sneresearch.com/en/insight/release_view/68/page/300"
"CALB","2022","Full-year 2022","12","18.5","1.5417","https://www.sneresearch.com/en/insight/release_view/221/page/0"
"CALB","2023","Full-year 2023","12","33.8","2.8167","https://sneresearch.com/en/insight/release_view/371/page/156"
"CALB","2024","Full-year 2024","12","41.2","3.4333","https://sneresearch.com/en/insight/release_view/586/page/72"
"CALB","2025","Full-year 2025","12","62.8","5.2333","https://sneresearch.com/en/insight/release_view/586/page/72"
"CALB","2026","Jan–Aug 2026 only","8","44.4","5.5500","https://www.sneresearch.com/en/insight/release_view/744/page/view"
"Gotion","2020","Full-year 2020","12","","",""
"Gotion","2021","Full-year 2021","12","6.7","0.5583","https://sneresearch.com/en/insight/release_view/68/page/300"
"Gotion","2022","Full-year 2022","12","13.9","1.1583","https://www.sneresearch.com/en/insight/release_view/221/page/0"
"Gotion","2023","Full-year 2023","12","16.4","1.3667","https://sneresearch.com/en/insight/release_view/371/page/156"
"Gotion","2024","Full-year 2024","12","29.3","2.4417","https://sneresearch.com/en/insight/release_view/586/page/72"
"Gotion","2025","Full-year 2025","12","53.5","4.4583","https://sneresearch.com/en/insight/release_view/586/page/72"
"Gotion","2026","Jan–Aug 2026 only","8","41.5","5.1875","https://www.sneresearch.com/en/insight/release_view/744/page/view"
"Northvolt","2020","Full-year 2020","12","","",""
"Northvolt","2021","Full-year 2021","12","","",""
"Northvolt","2022","Full-year 2022","12","","",""
"Northvolt","2023","Full-year 2023","12","","",""
"Northvolt","2024","Full-year 2024","12","","",""
"Northvolt","2025","Full-year 2025","12","","",""
"Northvolt","2026","Jan–Aug 2026 only","8","","",""
"Britishvolt","2020","Full-year 2020","12","","",""
"Britishvolt","2021","Full-year 2021","12","","",""
"Britishvolt","2022","Full-year 2022","12","","",""
"Britishvolt","2023","Full-year 2023","12","","",""
"Britishvolt","2024","Full-year 2024","12","","",""
"Britishvolt","2025","Full-year 2025","12","","",""
"Britishvolt","2026","Jan–Aug 2026 only","8","","",""
"EnerDel","2020","Full-year 2020","12","","",""
"EnerDel","2021","Full-year 2021","12","","",""
"EnerDel","2022","Full-year 2022","12","","",""
"EnerDel","2023","Full-year 2023","12","","",""
"EnerDel","2024","Full-year 2024","12","","",""
"EnerDel","2025","Full-year 2025","12","","",""
"EnerDel","2026","Jan–Aug 2026 only","8","","",""
"Verkor","2020","Full-year 2020","12","","",""
"Verkor","2021","Full-year 2021","12","","",""
"Verkor","2022","Full-year 2022","12","","",""
"Verkor","2023","Full-year 2023","12","","",""
"Verkor","2024","Full-year 2024","12","","",""
"Verkor","2025","Full-year 2025","12","","",""
"Verkor","2026","Jan–Aug 2026 only","8","","",""
"PowerCo","2020","Full-year 2020","12","","",""
"PowerCo","2021","Full-year 2021","12","","",""
"PowerCo","2022","Full-year 2022","12","","",""
"PowerCo","2023","Full-year 2023","12","","",""
"PowerCo","2024","Full-year 2024","12","","",""
"PowerCo","2025","Full-year 2025","12","","",""
"PowerCo","2026","Jan–Aug 2026 only","8","","",""
"ACC","2020","Full-year 2020","12","","",""
"ACC","2021","Full-year 2021","12","","",""
"ACC","2022","Full-year 2022","12","","",""
"ACC","2023","Full-year 2023","12","","",""
"ACC","2024","Full-year 2024","12","","",""
"ACC","2025","Full-year 2025","12","","",""
"ACC","2026","Jan–Aug 2026 only","8","","",""
"American Battery Factory","2020","Full-year 2020","12","","",""
"American Battery Factory","2021","Full-year 2021","12","","",""
"American Battery Factory","2022","Full-year 2022","12","","",""
"American Battery Factory","2023","Full-year 2023","12","","",""
"American Battery Factory","2024","Full-year 2024","12","","",""
"American Battery Factory","2025","Full-year 2025","12","","",""
"American Battery Factory","2026","Jan–Aug 2026 only","8","","",""
"Morrow","2020","Full-year 2020","12","","",""
"Morrow","2021","Full-year 2021","12","","",""
"Morrow","2022","Full-year 2022","12","","",""
"Morrow","2023","Full-year 2023","12","","",""
"Morrow","2024","Full-year 2024","12","","",""
"Morrow","2025","Full-year 2025","12","","",""
"Morrow","2026","Jan–Aug 2026 only","8","","",""
"FREYR","2020","Full-year 2020","12","","",""
"FREYR","2021","Full-year 2021","12","","",""
"FREYR","2022","Full-year 2022","12","","",""
"FREYR","2023","Full-year 2023","12","","",""
"FREYR","2024","Full-year 2024","12","","",""
"FREYR","2025","Full-year 2025","12","","",""
"FREYR","2026","Jan–Aug 2026 only","8","","",""
"AMTE Power","2020","Full-year 2020","12","","",""
"AMTE Power","2021","Full-year 2021","12","","",""
"AMTE Power","2022","Full-year 2022","12","","",""
"AMTE Power","2023","Full-year 2023","12","","",""
"AMTE Power","2024","Full-year 2024","12","","",""
"AMTE Power","2025","Full-year 2025","12","","",""
"AMTE Power","2026","Jan–Aug 2026 only","8","","",""
"Lyten / Ett","2020","Full-year 2020","12","","",""
"Lyten / Ett","2021","Full-year 2021","12","","",""
"Lyten / Ett","2022","Full-year 2022","12","","",""
"Lyten / Ett","2023","Full-year 2023","12","","",""
"Lyten / Ett","2024","Full-year 2024","12","","",""
"Lyten / Ett","2025","Full-year 2025","12","","",""
"Lyten / Ett","2026","Jan–Aug 2026 only","8","","",""
"VARTA AG","2020","Full-year 2020","12","","",""
"VARTA AG","2021","Full-year 2021","12","","",""
"VARTA AG","2022","Full-year 2022","12","","",""
"VARTA AG","2023","Full-year 2023","12","","",""
"VARTA AG","2024","Full-year 2024","12","","",""
"VARTA AG","2025","Full-year 2025","12","","",""
"VARTA AG","2026","Jan–Aug 2026 only","8","","",""
